<?xml version='1.1' encoding='UTF-8'?>
<com.michelin.cio.hudson.plugins.maskpasswords.MaskPasswordsConfig plugin="mask-passwords@2.13">
  <maskPasswordsParamDefClasses class="linked-hash-set">
    <string>com.michelin.cio.hudson.plugins.passwordparam.PasswordParameterDefinition</string>
    <string>hudson.model.PasswordParameterDefinition</string>
  </maskPasswordsParamDefClasses>
  <globalVarPasswordPairs/>
  <globalVarMaskRegexes/>
  <globalVarEnableGlobally>true</globalVarEnableGlobally>
</com.michelin.cio.hudson.plugins.maskpasswords.MaskPasswordsConfig>