<?xml version='1.1' encoding='UTF-8'?>
<hudson.plugins.emailext.ExtendedEmailPublisherDescriptor plugin="email-ext@2.69">
  <defaultSuffix>@ekstep.in</defaultSuffix>
  <mailAccount>
    <smtpHost>smtp.sendgrid.net</smtpHost>
    <smtpPort>587</smtpPort>
    <smtpUsername>azure_ed5bc89bbca87e5b61581f8013451090@azure.com</smtpUsername>
    <smtpPassword>{AQAAABAAAAAg0kkCkHhokavapsSspYIehAGSiS1dMGcp92tMiO9A8Oy8CIFKHUbAWrS9h7A6Lcmu}</smtpPassword>
    <useSsl>false</useSsl>
  </mailAccount>
  <addAccounts/>
  <charset>UTF-8</charset>
  <defaultContentType>text/html</defaultContentType>
  <defaultSubject>$PROJECT_NAME - Build # $BUILD_NUMBER - $BUILD_STATUS!</defaultSubject>
  <defaultBody>$PROJECT_NAME - Build # $BUILD_NUMBER - $BUILD_STATUS:&#xd;
&#xd;
Check console output at $BUILD_URL to view the results.</defaultBody>
  <defaultPresendScript></defaultPresendScript>
  <defaultPostsendScript></defaultPostsendScript>
  <defaultClasspath/>
  <defaultTriggerIds>
    <string>hudson.plugins.emailext.plugins.trigger.AlwaysTrigger</string>
  </defaultTriggerIds>
  <maxAttachmentSize>-1</maxAttachmentSize>
  <recipientList></recipientList>
  <defaultReplyTo></defaultReplyTo>
  <allowedDomains></allowedDomains>
  <excludedCommitters></excludedCommitters>
  <overrideGlobalSettings>true</overrideGlobalSettings>
  <precedenceBulk>false</precedenceBulk>
  <debugMode>false</debugMode>
  <requireAdminForTemplateTesting>false</requireAdminForTemplateTesting>
  <enableWatching>false</enableWatching>
  <enableAllowUnregistered>false</enableAllowUnregistered>
</hudson.plugins.emailext.ExtendedEmailPublisherDescriptor>