<?xml version='1.1' encoding='UTF-8'?>
<hudson.tasks.Mailer_-DescriptorImpl plugin="mailer@1.32">
  <defaultSuffix>@ekstep.in</defaultSuffix>
  <hudsonUrl>http://104.211.93.133:8080/</hudsonUrl>
  <authentication>
    <username>azure_ed5bc89bbca87e5b61581f8013451090@azure.com</username>
    <password>{AQAAABAAAAAgRJ7i5332DJ511qWtLvfpWoaoGPkF7DcsRYQw5XmncJO8TeWcXAtcH0l3uhv2rJwi}</password>
  </authentication>
  <smtpHost>smtp.sendgrid.net</smtpHost>
  <useSsl>false</useSsl>
  <useTls>false</useTls>
  <smtpPort>587</smtpPort>
  <charset>UTF-8</charset>
</hudson.tasks.Mailer_-DescriptorImpl>