<?xml version='1.1' encoding='UTF-8'?>
<org.jenkinsci.plugins.workflow.libs.GlobalLibraries plugin="workflow-cps-global-lib@2.16">
  <libraries>
    <org.jenkinsci.plugins.workflow.libs.LibraryConfiguration>
      <name>deploy-conf</name>
      <retriever class="org.jenkinsci.plugins.workflow.libs.SCMSourceRetriever">
        <scm class="jenkins.plugins.git.GitSCMSource" plugin="git@4.2.2">
          <id>85675205-2c93-45a3-9ba7-30d483d9c371</id>
          <remote>https://github.com/project-sunbird/sunbird-devops.git</remote>
          <credentialsId></credentialsId>
          <traits>
            <jenkins.plugins.git.traits.BranchDiscoveryTrait/>
            <jenkins.plugins.git.traits.CloneOptionTrait>
              <extension class="hudson.plugins.git.extensions.impl.CloneOption">
                <shallow>true</shallow>
                <noTags>true</noTags>
                <reference></reference>
                <depth>0</depth>
                <honorRefspec>false</honorRefspec>
              </extension>
            </jenkins.plugins.git.traits.CloneOptionTrait>
          </traits>
        </scm>
      </retriever>
      <defaultVersion>shared-lib</defaultVersion>
      <implicit>false</implicit>
      <allowVersionOverride>true</allowVersionOverride>
      <includeInChangesets>true</includeInChangesets>
    </org.jenkinsci.plugins.workflow.libs.LibraryConfiguration>
    <org.jenkinsci.plugins.workflow.libs.LibraryConfiguration>
      <name>deploy-conf</name>
      <retriever class="org.jenkinsci.plugins.workflow.libs.SCMSourceRetriever">
        <scm class="jenkins.plugins.git.GitSCMSource" plugin="git@4.2.2">
          <id>91ed8ec0-a25f-4b48-a37b-9d1782f281ec</id>
          <remote>https://github.com/project-sunbird/sunbird-devops.git</remote>
          <credentialsId></credentialsId>
          <traits>
            <jenkins.plugins.git.traits.CloneOptionTrait>
              <extension class="hudson.plugins.git.extensions.impl.CloneOption">
                <shallow>true</shallow>
                <noTags>true</noTags>
                <reference></reference>
                <depth>0</depth>
                <honorRefspec>false</honorRefspec>
              </extension>
            </jenkins.plugins.git.traits.CloneOptionTrait>
          </traits>
        </scm>
      </retriever>
      <defaultVersion>shared-lib</defaultVersion>
      <implicit>false</implicit>
      <allowVersionOverride>true</allowVersionOverride>
      <includeInChangesets>true</includeInChangesets>
    </org.jenkinsci.plugins.workflow.libs.LibraryConfiguration>
  </libraries>
</org.jenkinsci.plugins.workflow.libs.GlobalLibraries>