<?xml version='1.1' encoding='UTF-8'?>
<org.jenkinsci.plugins.resourcedisposer.AsyncResourceDisposer plugin="resource-disposer@0.14">
  <id>AsyncResourceDisposer</id>
  <backlog class="java.util.Collections$SetFromMap" serialization="custom">
    <unserializable-parents/>
    <java.util.Collections_-SetFromMap>
      <default>
        <m class="concurrent-hash-map">
          <entry>
            <org.jenkinsci.plugins.resourcedisposer.AsyncResourceDisposer_-WorkItem>
              <disposer reference="../../../../../../.."/>
              <disposable class="hudson.plugins.ws_cleanup.Wipeout$DisposableImpl" plugin="ws-cleanup@0.38">
                <node></node>
                <path>/var/lib/jenkins/workspace/Deploy/staging/Kubernetes/Management_ws-cleanup_1589546751937</path>
              </disposable>
              <registered>2020-05-15 12:45:51.937 UTC</registered>
              <disposableInfo>hudson.plugins.ws_cleanup.Wipeout$DisposableImpl:Workspace master:/var/lib/jenkins/workspace/Deploy/staging/Kubernetes/Management_ws-cleanup_1589546751937</disposableInfo>
            </org.jenkinsci.plugins.resourcedisposer.AsyncResourceDisposer_-WorkItem>
            <boolean>true</boolean>
          </entry>
          <entry>
            <org.jenkinsci.plugins.resourcedisposer.AsyncResourceDisposer_-WorkItem>
              <disposer reference="../../../../../../.."/>
              <disposable class="hudson.plugins.ws_cleanup.Wipeout$DisposableImpl" plugin="ws-cleanup@0.38">
                <node></node>
                <path>/var/lib/jenkins/workspace/Deploy/staging/Kubernetes/Management_ws-cleanup_1589792964188</path>
              </disposable>
              <registered>2020-05-18 09:09:24.189 UTC</registered>
              <disposableInfo>hudson.plugins.ws_cleanup.Wipeout$DisposableImpl:Workspace master:/var/lib/jenkins/workspace/Deploy/staging/Kubernetes/Management_ws-cleanup_1589792964188</disposableInfo>
            </org.jenkinsci.plugins.resourcedisposer.AsyncResourceDisposer_-WorkItem>
            <boolean>true</boolean>
          </entry>
        </m>
      </default>
    </java.util.Collections_-SetFromMap>
  </backlog>
</org.jenkinsci.plugins.resourcedisposer.AsyncResourceDisposer>