<?xml version='1.1' encoding='UTF-8'?>
<scriptApproval plugin="script-security@1.71">
  <approvedScriptHashes>
    <string>017d0db438428731cd600b6ebda805065433520f</string>
    <string>07c624ecc35d32f296a853fab00eacd5655f4921</string>
    <string>0dbe5f36a4cb38f892d45b3f5f29a3a235b84100</string>
    <string>0fd6f7f3e5d51964054972ba089981cd425d118b</string>
    <string>120fecf050a531f3135d29aaaa55211546161077</string>
    <string>1bde08dc6834551621df7abceab7f3d8d4cb38dd</string>
    <string>28d179746a6fc2d34e1a10648d1dc2f8579c124e</string>
    <string>2ba3891258e5458465e8a0b4045f4669d7cdff89</string>
    <string>3269bd302bb28926e8343cabb0bd441e711c376f</string>
    <string>364723bcd327e0c3727cc07b5074c51e095562de</string>
    <string>383ce568c5a561a7e603bc812bc97615a7b35c13</string>
    <string>43246fca006b75ebb61c9e4e581d9c4221bcdb91</string>
    <string>449cfa9b106350c765b5c6c27aafb58f3e4bb137</string>
    <string>4741d827b6a93ebc6a262fac2969d50ad86a5991</string>
    <string>47c24ef4da730d4e03c0df9182c6cb166cf259bf</string>
    <string>49fce72bf8eac22f58e821fa8b5fa52ccbc24332</string>
    <string>4ec314773fba500b8ddeb19c325c9d01b028bdcc</string>
    <string>5161d8fef840dd703e9f27fe4acf91008e5c57be</string>
    <string>594beade29c1096b1ea6a802055142d86bc1c59b</string>
    <string>673095f993566090553205c947032dcde2df83e1</string>
    <string>68406bcdab021fb5b18d55f708b5481d2e373925</string>
    <string>6899f8b1041671e976064eb0c7ae9efcb74488c0</string>
    <string>6cd4853dffbe79aff2382dce32c37459a7ede104</string>
    <string>70f2e9f19c31953c369fd0b19272272d187699e3</string>
    <string>74188fe3a4b4d2f79fc1f70480a962e67ba5ffeb</string>
    <string>78403025bc1505cae9483f438b789193d4d90ef5</string>
    <string>80a101bdd3e511b9ab684bd3514c696b9c1cafe5</string>
    <string>834c799d8ad2e16cc1146829f05242422c08d7f4</string>
    <string>8d66943e92205ccc5e25380d94ea7ea5ae007856</string>
    <string>8d6b2794b0834dc3b442d5b83e09e7a0122f195b</string>
    <string>8ef424f8a9666e58d39228c4f9e3496ee35b3f44</string>
    <string>90683702a0f9c48e55e2b7b4245a8320dfdb9eff</string>
    <string>91d5569480c7d0a04011ac8fc2422ff7bfcf2101</string>
    <string>924c18f486e292801720090c9f482424d2f15131</string>
    <string>a12ab6aa61fb77bfc203b89798cb34e74d0b9508</string>
    <string>a170ce01e1c373963b0504a1846be83a021576f9</string>
    <string>a267fc9f2532179fc55f8f66695988b500a9a0bd</string>
    <string>a410b2ed2279d68f646be69a7a3de04cdf85c204</string>
    <string>a760653c9ede1b6d99417115f7024041b81c88c5</string>
    <string>a80903cef27d9b3161122edf59727cbcd8687ccb</string>
    <string>c34570badc32f9c8c24f54d23ac387b7cac1457c</string>
    <string>c4e5ec7b1b2d1d4280e20955aba291d55802c057</string>
    <string>c69af17237e38b8d674893cf1f6a6b08e34a03d4</string>
    <string>c6cdecb203c4e401bd88f8e9d358ef3268d53a6b</string>
    <string>cd68d8304ec51206d9b2e403142b9d97a575c27c</string>
    <string>d2cfe2eb11b2fa5caa202a188d0eafb29d0b4921</string>
    <string>d603e755392bba79613771d1dcebef47ccd7da28</string>
    <string>d60be84eeef9680ae2b4e20acfa567b63f6fe2d4</string>
    <string>d814687020374e5e9bb387c1c6d637cf7bb5e575</string>
    <string>d992fc76e997d6aa8621ef6f2d31e04a040186dd</string>
    <string>e7a579778c3fb443dfef7394b449b748a9b6e518</string>
    <string>ec90927bfbd199f8bd86a623fd28fa2b347f899f</string>
    <string>ecc10b00e762594e7f1cdf3231c8719ef68be1d7</string>
    <string>f46e7e0d77d1c24e23243bed87b813975073162e</string>
    <string>f9bb5eeb80cd789d36c0debe5aaebfde47a09266</string>
    <string>fe31aabe181247b1a740b8a77796a9a7706cf9f4</string>
  </approvedScriptHashes>
  <approvedSignatures>
    <string>method groovy.lang.GroovyObject invokeMethod java.lang.String java.lang.Object</string>
    <string>method hudson.plugins.git.GitSCM getBranches</string>
    <string>method java.io.File exists</string>
    <string>new java.io.File java.lang.String</string>
    <string>staticMethod java.lang.System getenv java.lang.String</string>
    <string>staticMethod org.codehaus.groovy.runtime.DefaultGroovyMethods append java.io.File java.lang.Object</string>
    <string>staticMethod org.codehaus.groovy.runtime.DefaultGroovyMethods getText java.io.File</string>
    <string>staticMethod org.codehaus.groovy.runtime.DefaultGroovyMethods write java.io.File java.lang.String</string>
  </approvedSignatures>
  <aclApprovedSignatures/>
  <approvedClasspathEntries/>
  <pendingScripts>
    <pendingScript>
      <context>
        <user>geethap</user>
        <item>Deploy/production/DataPipeline/Yarn</item>
      </context>
      <script>&lt;font color=green size=2&gt;&lt;b&gt;Choose the samza app names to deploy and this will kill the selected samza app and deploy them. Multi selection is available.&lt;/b&gt;&lt;/font&gt;</script>
      <language>groovy</language>
    </pendingScript>
    <pendingScript>
      <context/>
      <script>if (override_public_branch.equals(&quot;true&quot;)) {
return &quot;&quot;&quot;&lt;input name=&quot;value&quot; value=&quot; class=&quot;setting-input&quot;  type=&quot;text&quot;&gt;&lt;br&gt; &lt;font color=dimgray size=2&gt;&lt;b&gt;Change this value to checkout Jenkinsfile from a different tag or branch.&lt;br&gt;Note: Ideally this value should be same as the branch or tag from which the corresponding Build job was run.&lt;/b&gt;&lt;/font&gt;&lt;/b&gt;&lt;/font&gt;&quot;&quot;&quot;;
}
else
return &quot;&quot;&quot;&lt;b&gt;This parameter is not used&lt;/b&gt;&quot;&quot;&quot;</script>
      <language>groovy</language>
    </pendingScript>
    <pendingScript>
      <context/>
      <script>if (override_private_branch.equals(&quot;true&quot;)) {
return &quot;&quot;&quot;&lt;input name=&quot;value&quot; value=&quot;db_restore&quot; class=&quot;setting-input&quot;  type=&quot;text&quot;&gt;&lt;br&gt; &lt;font color=dimgray size=2&gt;&lt;b&gt;Change this value to checkout a different branch from private repository.&lt;/b&gt;&lt;/font&gt;&quot;&quot;&quot;
}
else
return &quot;&quot;&quot;&lt;b&gt;This parameter is not used&lt;/b&gt;&quot;&quot;&quot;</script>
      <language>groovy</language>
    </pendingScript>
    <pendingScript>
      <context/>
      <script>return [&apos;asset-enrichment_1&apos;,
&apos;audit-event-generator_1&apos;,
&apos;audit-history-indexer_1&apos;,
&apos;collection-migration_1&apos;,
&apos;composite-search-indexer_1&apos;,
&apos;DeDuplication_1&apos;,
&apos;DeNormalization_1&apos;,
&apos;DruidEventsValidator_1&apos;,
&apos;EventsRouter_1&apos;,
&apos;lms.indexer_1&apos;,
&apos;lms.sso-account-updater_1&apos;,
&apos;publish-pipeline_1&apos;,
&apos;qrcode-image-generator_1&apos;,
&apos;RedisUpdater_1&apos;,
&apos;TelemetryExtractor_1&apos;,
&apos;TelemetryLocationUpdater_1&apos;,
&apos;TelemetryRouter_1&apos;,
&apos;TelemetryValidator_1&apos;]</script>
      <language>groovy</language>
    </pendingScript>
    <pendingScript>
      <context/>
      <script>return[
&apos;JenkinsJob&apos;
&apos;ArtifactRepo&apos;,
]</script>
      <language>groovy</language>
    </pendingScript>
    <pendingScript>
      <context>
        <user>geethap</user>
        <item>Deploy/staging/Core/Yarn</item>
      </context>
      <script>return [&apos;lms.user-account-merger_1&apos;,
&apos;lms.sso-account-updater_1&apos;,
&apos;lms.indexer_1&apos;,
&apos;lms.notification-job_1&apos;]</script>
      <language>groovy</language>
    </pendingScript>
    <pendingScript>
      <context>
        <user>rajeshr</user>
        <item>Deploy/staging/Plugins/ContentPlugins</item>
      </context>
      <script>if (override_public_branch.equals(&quot;true&quot;)) {
return &quot;&quot;&quot;&lt;input name=&quot;value&quot; value=&quot;&quot; class=&quot;setting-input&quot;  type=&quot;text&quot;&gt;&lt;br&gt; &lt;font color=dimgray size=2&gt;&lt;b&gt;Change this value to checkout a different branch from private repository.&lt;/b&gt;&lt;/font&gt;&quot;&quot;&quot;
}
else
return &quot;&quot;&quot;&lt;b&gt;This parameter is not used&lt;/b&gt;&quot;&quot;&quot;</script>
      <language>groovy</language>
    </pendingScript>
    <pendingScript>
      <context>
        <user>himanshu</user>
        <item>Deploy/production/DataPipeline/Yarn</item>
      </context>
      <script>return [&apos;DeDuplication_1&apos;,
&apos;DeNormalization_1&apos;,
&apos;DruidEventsValidator_1&apos;,
&apos;EventsRouter_1&apos;,
&apos;RedisUpdater_1&apos;,
&apos;TelemetryExtractor_1&apos;,
&apos;TelemetryLocationUpdater_1&apos;,
&apos;TelemetryRouter_1&apos;,
&apos;TelemetryValidator_1&apos;,
&apos;AssessmentAggregator_1&apos;,
&apos;DeviceProfileUpdater_1&apos;,]</script>
      <language>groovy</language>
    </pendingScript>
    <pendingScript>
      <context>
        <user>himanshu</user>
        <item>Deploy/production/DataPipeline/Yarn</item>
      </context>
      <script>return [&apos;DeDuplication_1&apos;,
&apos;DeNormalization_1&apos;,
&apos;DruidEventsValidator_1&apos;,
&apos;EventsRouter_1&apos;,
&apos;RedisUpdater_1&apos;,
&apos;TelemetryExtractor_1&apos;,
&apos;TelemetryLocationUpdater_1&apos;,
&apos;TelemetryRouter_1&apos;,
&apos;TelemetryValidator_1&apos;,
&apos;AssessmentAggregator_1&apos;,
&apos;DeviceProfileUpdater_1&apos;]</script>
      <language>groovy</language>
    </pendingScript>
    <pendingScript>
      <context>
        <user>gangaram</user>
        <item>Deploy/production/DataPipeline/Yarn</item>
      </context>
      <script>return [&apos;DeDuplication_1&apos;,
&apos;DeNormalization_1&apos;,
&apos;DruidEventsValidator_1&apos;,
&apos;EventsRouter_1&apos;,
&apos;RedisUpdater_1&apos;,
&apos;TelemetryExtractor_1&apos;,
&apos;TelemetryLocationUpdater_1&apos;,
&apos;TelemetryRouter_1&apos;,
&apos;AssessmentAggregator_1&apos;,
&apos;DeviceProfileUpdater_1&apos;,
&apos;TelemetryValidator_1&apos;]</script>
      <language>groovy</language>
    </pendingScript>
    <pendingScript>
      <context>
        <user>rajeshr</user>
        <item>Deploy/staging/Plugins/GenericEditor</item>
      </context>
      <script>if (override_public_branch.equals(&quot;true&quot;)) {
return &quot;&quot;&quot;&lt;input name=&quot;value&quot; value=&quot;${private_repo_branch}&quot; class=&quot;setting-input&quot;  type=&quot;text&quot;&gt;&lt;br&gt; &lt;font color=dimgray size=2&gt;&lt;b&gt;Change this value to checkout a different branch from private repository.&lt;/b&gt;&lt;/font&gt;&quot;&quot;&quot;
}
else
return &quot;&quot;&quot;&lt;b&gt;This parameter is not used&lt;/b&gt;&quot;&quot;&quot;</script>
      <language>groovy</language>
    </pendingScript>
    <pendingScript>
      <context>
        <user>himanshu</user>
        <item>Deploy/pre-production/DataPipeline/Yarn</item>
      </context>
      <script>return [&apos;DeDuplication_1&apos;,
&apos;DeNormalization_1&apos;,
&apos;DruidEventsValidator_1&apos;,
&apos;EventsRouter_1&apos;,
&apos;RedisUpdater_1&apos;,
&apos;TelemetryExtractor_1&apos;,
&apos;TelemetryLocationUpdater_1&apos;,
&apos;TelemetryRouter_1&apos;,
&apos;TelemetryValidator_1&apos;,
&apos;DeviceProfileUpdater_1&apos;,
&apos;DerivedDeDuplication_1&apos;,
&apos;AssessmentAggregator_1&apos;]</script>
      <language>groovy</language>
    </pendingScript>
    <pendingScript>
      <context/>
      <script>return [&apos;DeDuplication_1&apos;,
&apos;DeNormalization_1&apos;,
&apos;DruidEventsValidator_1&apos;,
&apos;EventsRouter_1&apos;,
&apos;RedisUpdater_1&apos;,
&apos;TelemetryExtractor_1&apos;,
&apos;TelemetryLocationUpdater_1&apos;,
&apos;TelemetryRouter_1&apos;,
&apos;TelemetryValidator_1&apos;,
&apos;DeviceProfileUpdater_1&apos;,
&apos;AssessmentAggregator_1&apos;,
&apos;DerivedDeDuplication_1&apos;]</script>
      <language>groovy</language>
    </pendingScript>
    <pendingScript>
      <context>
        <user>kaliraja</user>
        <item>Deploy/staging/DataPipeline/ApiModule</item>
      </context>
      <script>if (override_public_branch.equals(&quot;true&quot;)) {
return &quot;&quot;&quot;&lt;input name=&quot;value&quot; value=&quot;&quot; class=&quot;setting-input&quot;  type=&quot;text&quot;&gt;&lt;br&gt; &lt;font color=dimgray size=2&gt;&lt;b&gt;Provide the tag or branch name to checkout the Jenkinsfile and codebase.&lt;br&gt;Note: The tag or branch name for this job should be taken from &lt;a href=&quot;https://github.com/project-sunbird/sunbird-devops&quot;&gt;project-sunbird/sunbird-data-pipeline&lt;/a&gt;&lt;/b&gt;&lt;/font&gt;&lt;/b&gt;&lt;/font&gt;&quot;&quot;&quot;;

}
else
return &quot;&quot;&quot;&lt;b&gt;This parameter is not used&lt;/b&gt;&quot;&quot;&quot;</script>
      <language>groovy</language>
    </pendingScript>
  </pendingScripts>
  <pendingSignatures/>
  <pendingClasspathEntries/>
</scriptApproval>