<?xml version='1.1' encoding='UTF-8'?>
<hudson.model.UserIdMapper>
  <version>1</version>
  <idToDirectoryNameMap class="concurrent-hash-map">
    <entry>
      <string>jaikumarsr</string>
      <string>jaikumarsr_1893676656458900842</string>
    </entry>
    <entry>
      <string>altamash.s</string>
      <string>altamashs_1626895960558970</string>
    </entry>
    <entry>
      <string>diptesh1993</string>
      <string>diptesh1993_4160460838106439985</string>
    </entry>
    <entry>
      <string>noreply</string>
      <string>noreply_6451030634948163312</string>
    </entry>
    <entry>
      <string>17425432+kartishr</string>
      <string>17425432kartis_145939658610633948</string>
    </entry>
    <entry>
      <string>amol_g</string>
      <string>amolg_101070732438529868</string>
    </entry>
    <entry>
      <string>sakihenry</string>
      <string>sakihenry_2974292712756146698</string>
    </entry>
    <entry>
      <string>jayaprakash</string>
      <string>Jayaprakash_6991458964820118142</string>
    </entry>
    <entry>
      <string>muthup</string>
      <string>muthup_5213236549270819887</string>
    </entry>
    <entry>
      <string>kumarks</string>
      <string>kumarks_800254828130782685</string>
    </entry>
    <entry>
      <string>geetha.p</string>
      <string>geethap_8443433675664841288</string>
    </entry>
    <entry>
      <string>himanshu</string>
      <string>himanshu_8981396878353993205</string>
    </entry>
    <entry>
      <string>kartheekp</string>
      <string>kartheekp_8847040183734926329</string>
    </entry>
    <entry>
      <string>himanshuj</string>
      <string>Himanshuj_5573143524061033656</string>
    </entry>
    <entry>
      <string>sanjay.kumar</string>
      <string>sanjaykumar_8426440394122284324</string>
    </entry>
    <entry>
      <string>mahesh</string>
      <string>mahesh_5878572533209317453</string>
    </entry>
    <entry>
      <string>swayangjit</string>
      <string>swayangjit_3522572425409325373</string>
    </entry>
    <entry>
      <string>ravi.chaurasia</string>
      <string>ravichaurasia_8212310356368883117</string>
    </entry>
    <entry>
      <string>prajwal.hj</string>
      <string>prajwalhj_5203553585354700210</string>
    </entry>
    <entry>
      <string>naveenv</string>
      <string>naveenv_3018271290443164223</string>
    </entry>
    <entry>
      <string>sowmya</string>
      <string>sowmya_5790697306394473717</string>
    </entry>
    <entry>
      <string>http:__localhost:9000</string>
      <string>httplocalhost9_3240914921560260047</string>
    </entry>
    <entry>
      <string>altamash</string>
      <string>altamash_4205881939304812517</string>
    </entry>
    <entry>
      <string>keshavprasad</string>
      <string>keshavprasad_870336382079682445</string>
    </entry>
    <entry>
      <string>ani2824</string>
      <string>ani2824_8966064435841743192</string>
    </entry>
    <entry>
      <string>mathewjpallan</string>
      <string>mathewjpallan_8143601932874146575</string>
    </entry>
    <entry>
      <string>sharavathi</string>
      <string>sharavathi_8867778556961796580</string>
    </entry>
    <entry>
      <string>christyabcd.05</string>
      <string>christyabcd05_8169055619584253530</string>
    </entry>
    <entry>
      <string>rjshrjndrn</string>
      <string>rjshrjndrn_7239350740540044596</string>
    </entry>
    <entry>
      <string>gauraw</string>
      <string>gauraw_7938670085175914536</string>
    </entry>
    <entry>
      <string>saiakhil</string>
      <string>saiakhil_7598843206983088688</string>
    </entry>
    <entry>
      <string>rheafernandeshallu</string>
      <string>rheafernandesh_7483715400595495968</string>
    </entry>
    <entry>
      <string>anoophm44</string>
      <string>anoophm44_5339077889024385183</string>
    </entry>
    <entry>
      <string>dhirenaade</string>
      <string>dhirenaade_6822239269734794618</string>
    </entry>
    <entry>
      <string>harishg</string>
      <string>harishg_7092523409976563632</string>
    </entry>
    <entry>
      <string>tanweer.alam</string>
      <string>tanweeralam_6256683299176768643</string>
    </entry>
    <entry>
      <string>pradyumna</string>
      <string>pradyumna_385286338320673730</string>
    </entry>
    <entry>
      <string>rayulu</string>
      <string>rayulu_1278778206408833024</string>
    </entry>
    <entry>
      <string>ranimounika.k</string>
      <string>ranimounikak_912878690669622071</string>
    </entry>
    <entry>
      <string>bp</string>
      <string>bp_8749237347297763665</string>
    </entry>
    <entry>
      <string>gaurawk</string>
      <string>gaurawk_82614615326518325</string>
    </entry>
    <entry>
      <string>anilgupta</string>
      <string>anilgupta_5605711080776319670</string>
    </entry>
    <entry>
      <string>sachin.kumar</string>
      <string>sachinkumar_5332495738247042</string>
    </entry>
    <entry>
      <string>venkatesh.ht</string>
      <string>venkateshht_2853651752079923658</string>
    </entry>
    <entry>
      <string>rajeev.sathish</string>
      <string>rajeevsathish_6680619441579956964</string>
    </entry>
    <entry>
      <string>manzarul07</string>
      <string>manzarul07_377050042998110875</string>
    </entry>
    <entry>
      <string>badal</string>
      <string>badal_4952446745854509616</string>
    </entry>
    <entry>
      <string>amit.kumar</string>
      <string>amitkumar_1373892902771871437</string>
    </entry>
    <entry>
      <string>amankumar.sharma</string>
      <string>amankumarsharm_685252549553111646</string>
    </entry>
    <entry>
      <string>satishkumar.nirmalkar</string>
      <string>satishkumarnir_3443067077429950203</string>
    </entry>
    <entry>
      <string>balakrishna</string>
      <string>balakrishna_6885339056746830933</string>
    </entry>
    <entry>
      <string>harip</string>
      <string>harip_7256307825411510535</string>
    </entry>
    <entry>
      <string>smy.altamash</string>
      <string>smyaltamash_2114064417890988721</string>
    </entry>
    <entry>
      <string>amitp</string>
      <string>amitp_4429494537156037255</string>
    </entry>
    <entry>
      <string>anuthanarayan21</string>
      <string>anuthanarayan2_7090654903748142773</string>
    </entry>
    <entry>
      <string>pradyumnan</string>
      <string>pradyumnan_4680083124514196569</string>
    </entry>
    <entry>
      <string>harsha</string>
      <string>harsha_3732033831884650622</string>
    </entry>
    <entry>
      <string>abhishek</string>
      <string>abhishek_6193410320022619801</string>
    </entry>
    <entry>
      <string>utkit14</string>
      <string>utkit14_5391584846397059027</string>
    </entry>
    <entry>
      <string>khetia.jagdish</string>
      <string>khetiajagdish_2902503001146645624</string>
    </entry>
    <entry>
      <string>sharaths.kashyap</string>
      <string>sharathskashya_7810651091617403266</string>
    </entry>
    <entry>
      <string>vivek_kasture</string>
      <string>vivekkasture_310066086659838850</string>
    </entry>
    <entry>
      <string>devesh.mehta</string>
      <string>deveshmehta_4178848451182668354</string>
    </entry>
    <entry>
      <string>gangaram136</string>
      <string>gangaram136_1627859347638442266</string>
    </entry>
    <entry>
      <string>anmolgupta23021997</string>
      <string>anmolgupta2302_8265443028583456663</string>
    </entry>
    <entry>
      <string>sanjay</string>
      <string>sanjay_752275011460053456</string>
    </entry>
    <entry>
      <string>kaliraja.ramasamy</string>
      <string>kalirajaramasa_6351023903391312815</string>
    </entry>
    <entry>
      <string>subranil.saha</string>
      <string>subranilsaha_1439223841878472321</string>
    </entry>
    <entry>
      <string>m.balakrishna10</string>
      <string>mbalakrishna10_1247582681756449424</string>
    </entry>
    <entry>
      <string>balakrishna10</string>
      <string>balakrishna10_250490060771481717</string>
    </entry>
    <entry>
      <string>palla.kartheekreddy</string>
      <string>pallakartheekr_124190850683917035</string>
    </entry>
    <entry>
      <string>er.krgauraw</string>
      <string>erkrgauraw_9102455425334233666</string>
    </entry>
    <entry>
      <string>santhosh</string>
      <string>santhosh_5159852451972360220</string>
    </entry>
    <entry>
      <string>himanshu.j</string>
      <string>himanshuj_6447388271245346226</string>
    </entry>
    <entry>
      <string>msknext</string>
      <string>msknext_9046785176908354431</string>
    </entry>
    <entry>
      <string>geethap</string>
      <string>geethap_1871690520688895147</string>
    </entry>
    <entry>
      <string>santosh.k</string>
      <string>santoshk_8011011979291317148</string>
    </entry>
    <entry>
      <string>darshi.1983</string>
      <string>darshi1983_4336877142401243253</string>
    </entry>
    <entry>
      <string>shivhareraghavendra</string>
      <string>shivhareraghav_1879353800050100811</string>
    </entry>
    <entry>
      <string>sudip.mukherjee</string>
      <string>sudipmukherjee_1670125028682843910</string>
    </entry>
    <entry>
      <string>iwakankar</string>
      <string>iwakankar_7529087922719163766</string>
    </entry>
    <entry>
      <string>rajesh.kumaravel</string>
      <string>rajeshkumarave_4944501870997239139</string>
    </entry>
    <entry>
      <string>srivathsa.nagaraj</string>
      <string>SrivathsaNagar_6234076365995046801</string>
    </entry>
    <entry>
      <string>juthika</string>
      <string>juthika_2379592703011791862</string>
    </entry>
    <entry>
      <string>sandeep.r</string>
      <string>sandeepr_5595873373280425692</string>
    </entry>
    <entry>
      <string>ankur01oct</string>
      <string>ankur01oct_3559015858913911995</string>
    </entry>
    <entry>
      <string>ops</string>
      <string>ops_5273275771970930378</string>
    </entry>
    <entry>
      <string>kiruba</string>
      <string>Kiruba_1202717500991132745</string>
    </entry>
    <entry>
      <string>30286162+smyaltamash</string>
      <string>30286162SMYALT_3680823546689097160</string>
    </entry>
    <entry>
      <string>shailandra</string>
      <string>Shailandra_3089163707852159855</string>
    </entry>
    <entry>
      <string>ranimounikakotakadi</string>
      <string>ranimounikakot_3552797417654848729</string>
    </entry>
    <entry>
      <string>ajoymaity17</string>
      <string>ajoymaity17_7630335068124984892</string>
    </entry>
    <entry>
      <string>vinodkumar</string>
      <string>vinodkumar_8194563175500355304</string>
    </entry>
    <entry>
      <string>sowmyadixit7</string>
      <string>sowmyadixit7_1179626780079618706</string>
    </entry>
    <entry>
      <string>rajeshr</string>
      <string>rajeshr_9063297053556463508</string>
    </entry>
    <entry>
      <string>admin</string>
      <string>admin_7004038333594257539</string>
    </entry>
    <entry>
      <string>dev.arfath</string>
      <string>devarfath_3510220927692196123</string>
    </entry>
    <entry>
      <string>harshavardhanc95</string>
      <string>harshavardhanc_8361125175627319865</string>
    </entry>
    <entry>
      <string>gangaram</string>
      <string>gangaram_8050878977416236760</string>
    </entry>
    <entry>
      <string>lakhan_m</string>
      <string>lakhanm_5102620081908751767</string>
    </entry>
    <entry>
      <string>kumar.kandasamy</string>
      <string>kumarkandasamy_4507107237323006141</string>
    </entry>
    <entry>
      <string>bindu.priya07</string>
      <string>bindupriya07_2256904359035901874</string>
    </entry>
    <entry>
      <string>dhiren.roy</string>
      <string>dhirenroy_402691373296125549</string>
    </entry>
    <entry>
      <string>sai</string>
      <string>sai_776336466062411258</string>
    </entry>
    <entry>
      <string>kaliraja</string>
      <string>kaliraja_2646470807921733494</string>
    </entry>
    <entry>
      <string>anikets</string>
      <string>anikets_8617610234518762172</string>
    </entry>
    <entry>
      <string>sureshnandhi</string>
      <string>sureshnandhi_8648491090979507994</string>
    </entry>
    <entry>
      <string>engg-access</string>
      <string>enggaccess_5082159065246103958</string>
    </entry>
    <entry>
      <string>santhosh.g</string>
      <string>santhoshg_4012706345992521979</string>
    </entry>
    <entry>
      <string>manjunath</string>
      <string>Manjunath_1844804363828324867</string>
    </entry>
    <entry>
      <string>mailme.devmehta</string>
      <string>mailmedevmehta_3524747804751925512</string>
    </entry>
    <entry>
      <string>santhoshk</string>
      <string>santhoshk_4012149449521766385</string>
    </entry>
    <entry>
      <string>bubh.rara</string>
      <string>bubhrara_3539502343349768195</string>
    </entry>
    <entry>
      <string>anandp</string>
      <string>anandp_8023646780529176991</string>
    </entry>
    <entry>
      <string>testuser</string>
      <string>testuser_6649577240809292987</string>
    </entry>
    <entry>
      <string>santhoshg</string>
      <string>santhoshg_2547463224122448641</string>
    </entry>
    <entry>
      <string>yravinderkumar33</string>
      <string>yravinderkumar_7550003129592790364</string>
    </entry>
    <entry>
      <string>keshavprasadms</string>
      <string>keshavprasadms_4333472008413869910</string>
    </entry>
    <entry>
      <string>sandeepr</string>
      <string>sandeepr_2241925524275240535</string>
    </entry>
    <entry>
      <string>naveenkumar.vamd</string>
      <string>naveenkumarvam_6657367218027446198</string>
    </entry>
    <entry>
      <string>manjunathd</string>
      <string>manjunathd_4654529504450554994</string>
    </entry>
    <entry>
      <string>pradosh</string>
      <string>pradosh_1887407753108394145</string>
    </entry>
    <entry>
      <string>raghupathiguduri</string>
      <string>raghupathigudu_4187167170776855457</string>
    </entry>
    <entry>
      <string>raghupathig</string>
      <string>raghupathig_6029091479066050619</string>
    </entry>
    <entry>
      <string>kartiswara.r</string>
      <string>kartiswarar_5489590020980745317</string>
    </entry>
    <entry>
      <string>kaliraja1992</string>
      <string>kaliraja1992_7790270293942440303</string>
    </entry>
  </idToDirectoryNameMap>
</hudson.model.UserIdMapper>